-- MySQL dump 10.13  Distrib 5.6.26, for Linux (x86_64)
--
-- Host: localhost    Database: bibliotheque
-- ------------------------------------------------------
-- Server version	5.6.26

/*!40101 SET @OLD_CHARACTER_SET_CLIENT=@@CHARACTER_SET_CLIENT */;
/*!40101 SET @OLD_CHARACTER_SET_RESULTS=@@CHARACTER_SET_RESULTS */;
/*!40101 SET @OLD_COLLATION_CONNECTION=@@COLLATION_CONNECTION */;
/*!40101 SET NAMES utf8 */;
/*!40103 SET @OLD_TIME_ZONE=@@TIME_ZONE */;
/*!40103 SET TIME_ZONE='+00:00' */;
/*!40014 SET @OLD_UNIQUE_CHECKS=@@UNIQUE_CHECKS, UNIQUE_CHECKS=0 */;
/*!40014 SET @OLD_FOREIGN_KEY_CHECKS=@@FOREIGN_KEY_CHECKS, FOREIGN_KEY_CHECKS=0 */;
/*!40101 SET @OLD_SQL_MODE=@@SQL_MODE, SQL_MODE='NO_AUTO_VALUE_ON_ZERO' */;
/*!40111 SET @OLD_SQL_NOTES=@@SQL_NOTES, SQL_NOTES=0 */;

--
-- Table structure for table `ELEMENT`
--

DROP TABLE IF EXISTS `ELEMENT`;
/*!40101 SET @saved_cs_client     = @@character_set_client */;
/*!40101 SET character_set_client = utf8 */;
CREATE TABLE `ELEMENT` (
  `ID_ELEMENT` int(11) NOT NULL AUTO_INCREMENT,
  `ID_NARRATIVE` int(11) NOT NULL,
  `TYPE` enum('NARRATIVE','SITUATION','TRANSITION','') COLLATE utf8_bin NOT NULL,
  `NAME` varchar(64) COLLATE utf8_bin NOT NULL,
  `DATE` datetime NOT NULL DEFAULT CURRENT_TIMESTAMP,
  PRIMARY KEY (`ID_ELEMENT`),
  KEY `ID_NARRATIVE` (`ID_NARRATIVE`),
  CONSTRAINT `CONST_ELEMENT_NARRATIVE` FOREIGN KEY (`ID_NARRATIVE`) REFERENCES `NARRATIVE` (`ID_NARRATIVE`)
) ENGINE=InnoDB AUTO_INCREMENT=13 DEFAULT CHARSET=utf8 COLLATE=utf8_bin;
/*!40101 SET character_set_client = @saved_cs_client */;

--
-- Dumping data for table `ELEMENT`
--

LOCK TABLES `ELEMENT` WRITE;
/*!40000 ALTER TABLE `ELEMENT` DISABLE KEYS */;
INSERT INTO `ELEMENT` VALUES (1,1,'NARRATIVE','histoire_regis','2016-05-21 21:03:23'),(2,2,'NARRATIVE','histoire_robin','2016-05-21 21:03:23'),(3,3,'NARRATIVE','histoire_regis_robin','2016-05-21 21:03:51'),(4,4,'NARRATIVE','histoire_commune','2016-05-21 21:03:51'),(5,1,'SITUATION','start','2016-05-21 21:08:42'),(6,2,'SITUATION','start','2016-05-21 21:08:42'),(7,3,'SITUATION','start','2016-05-21 21:08:42'),(8,4,'SITUATION','start','2016-05-21 21:08:42'),(9,4,'SITUATION','end_robin','2016-05-21 21:15:58'),(10,4,'SITUATION','end_regis','2016-05-21 21:15:58'),(11,4,'TRANSITION','trans_robin','2016-05-21 21:15:58'),(12,4,'TRANSITION','trans_regis','2016-05-21 21:15:58');
/*!40000 ALTER TABLE `ELEMENT` ENABLE KEYS */;
UNLOCK TABLES;

--
-- Table structure for table `MEMBER`
--

DROP TABLE IF EXISTS `MEMBER`;
/*!40101 SET @saved_cs_client     = @@character_set_client */;
/*!40101 SET character_set_client = utf8 */;
CREATE TABLE `MEMBER` (
  `ID_MEMBER` int(11) NOT NULL AUTO_INCREMENT,
  `NAME` varchar(64) COLLATE utf8_bin NOT NULL,
  `PASSWORD` varchar(64) COLLATE utf8_bin NOT NULL,
  `EMAIL` varchar(64) COLLATE utf8_bin NOT NULL,
  `LAST_VISIT` datetime DEFAULT NULL,
  `DATE` datetime NOT NULL DEFAULT CURRENT_TIMESTAMP,
  PRIMARY KEY (`ID_MEMBER`)
) ENGINE=InnoDB AUTO_INCREMENT=3 DEFAULT CHARSET=utf8 COLLATE=utf8_bin;
/*!40101 SET character_set_client = @saved_cs_client */;

--
-- Dumping data for table `MEMBER`
--

LOCK TABLES `MEMBER` WRITE;
/*!40000 ALTER TABLE `MEMBER` DISABLE KEYS */;
INSERT INTO `MEMBER` VALUES (1,'Régis','Régispass','Regis.Catinaud@gmail.com',NULL,'2016-05-21 20:55:35'),(2,'Robin','Robinpass','Robin.Lamarche.Perrin@gmail.com',NULL,'2016-05-21 20:55:35');
/*!40000 ALTER TABLE `MEMBER` ENABLE KEYS */;
UNLOCK TABLES;

--
-- Table structure for table `NARRATIVE`
--

DROP TABLE IF EXISTS `NARRATIVE`;
/*!40101 SET @saved_cs_client     = @@character_set_client */;
/*!40101 SET character_set_client = utf8 */;
CREATE TABLE `NARRATIVE` (
  `ID_NARRATIVE` int(11) NOT NULL AUTO_INCREMENT,
  `TITLE` varchar(64) COLLATE utf8_bin NOT NULL,
  `ABSTRACT` text COLLATE utf8_bin NOT NULL,
  `DATE` datetime NOT NULL DEFAULT CURRENT_TIMESTAMP,
  PRIMARY KEY (`ID_NARRATIVE`)
) ENGINE=InnoDB AUTO_INCREMENT=5 DEFAULT CHARSET=utf8 COLLATE=utf8_bin;
/*!40101 SET character_set_client = @saved_cs_client */;

--
-- Dumping data for table `NARRATIVE`
--

LOCK TABLES `NARRATIVE` WRITE;
/*!40000 ALTER TABLE `NARRATIVE` DISABLE KEYS */;
INSERT INTO `NARRATIVE` VALUES (1,'Histoire Régis','Cette narration est modifiable par Régis uniquement.','2016-05-21 21:00:11'),(2,'Histoire Robin','Cette narration est modifiable par Robin uniquement. ','2016-05-21 21:00:11'),(3,'Histoire Régis et Robin','Cette narration est modifiable par Régis et Robin.','2016-05-21 21:01:41'),(4,'Histoire ouverte','Cette narration est modifiable par tout le monde.','2016-05-21 21:01:41');
/*!40000 ALTER TABLE `NARRATIVE` ENABLE KEYS */;
UNLOCK TABLES;

--
-- Table structure for table `READING`
--

DROP TABLE IF EXISTS `READING`;
/*!40101 SET @saved_cs_client     = @@character_set_client */;
/*!40101 SET character_set_client = utf8 */;
CREATE TABLE `READING` (
  `ID_MEMBER` int(11) NOT NULL,
  `ID_ELEMENT` int(11) NOT NULL,
  `DATE` datetime NOT NULL DEFAULT CURRENT_TIMESTAMP,
  UNIQUE KEY `ID_MEMBER_2` (`ID_MEMBER`,`ID_ELEMENT`,`DATE`),
  KEY `ID_MEMBER` (`ID_MEMBER`),
  KEY `ID_ELEMENT` (`ID_ELEMENT`),
  CONSTRAINT `CONST_READING_ELEMENT` FOREIGN KEY (`ID_ELEMENT`) REFERENCES `ELEMENT` (`ID_ELEMENT`),
  CONSTRAINT `CONST_READING_MEMBER` FOREIGN KEY (`ID_MEMBER`) REFERENCES `MEMBER` (`ID_MEMBER`)
) ENGINE=InnoDB DEFAULT CHARSET=utf8 COLLATE=utf8_bin;
/*!40101 SET character_set_client = @saved_cs_client */;

--
-- Dumping data for table `READING`
--

LOCK TABLES `READING` WRITE;
/*!40000 ALTER TABLE `READING` DISABLE KEYS */;
/*!40000 ALTER TABLE `READING` ENABLE KEYS */;
UNLOCK TABLES;

--
-- Table structure for table `RIGHTS`
--

DROP TABLE IF EXISTS `RIGHTS`;
/*!40101 SET @saved_cs_client     = @@character_set_client */;
/*!40101 SET character_set_client = utf8 */;
CREATE TABLE `RIGHTS` (
  `ID_MEMBER` int(11) NOT NULL,
  `ID_ELEMENT` int(11) NOT NULL,
  `TYPE` enum('NONE','READ','ADD','MOD','FULL') COLLATE utf8_bin NOT NULL,
  `DATE` datetime NOT NULL DEFAULT CURRENT_TIMESTAMP,
  PRIMARY KEY (`ID_MEMBER`,`ID_ELEMENT`) USING BTREE,
  KEY `CONST_RIGHTS_ELEMENT` (`ID_ELEMENT`),
  CONSTRAINT `CONST_RIGHTS_ELEMENT` FOREIGN KEY (`ID_ELEMENT`) REFERENCES `ELEMENT` (`ID_ELEMENT`),
  CONSTRAINT `CONST_RIGHTS_MEMBER` FOREIGN KEY (`ID_MEMBER`) REFERENCES `MEMBER` (`ID_MEMBER`)
) ENGINE=InnoDB DEFAULT CHARSET=utf8 COLLATE=utf8_bin;
/*!40101 SET character_set_client = @saved_cs_client */;

--
-- Dumping data for table `RIGHTS`
--

LOCK TABLES `RIGHTS` WRITE;
/*!40000 ALTER TABLE `RIGHTS` DISABLE KEYS */;
INSERT INTO `RIGHTS` VALUES (1,1,'FULL','2016-05-21 21:06:09'),(1,3,'FULL','2016-05-21 21:06:09'),(1,4,'ADD','2016-05-21 21:06:09'),(2,2,'FULL','2016-05-21 21:06:09'),(2,3,'MOD','2016-05-21 21:06:09'),(2,4,'ADD','2016-05-21 21:06:09');
/*!40000 ALTER TABLE `RIGHTS` ENABLE KEYS */;
UNLOCK TABLES;

--
-- Table structure for table `WRITING`
--

DROP TABLE IF EXISTS `WRITING`;
/*!40101 SET @saved_cs_client     = @@character_set_client */;
/*!40101 SET character_set_client = utf8 */;
CREATE TABLE `WRITING` (
  `ID_MEMBER` int(11) NOT NULL,
  `ID_ELEMENT` int(11) NOT NULL,
  `TYPE` enum('CREATE','MODIFY','SUPPRESS','') COLLATE utf8_bin NOT NULL,
  `XML` text COLLATE utf8_bin NOT NULL,
  `DATE` datetime NOT NULL DEFAULT CURRENT_TIMESTAMP,
  UNIQUE KEY `ID_MEMBER_2` (`ID_MEMBER`,`ID_ELEMENT`,`DATE`),
  KEY `ID_MEMBER` (`ID_MEMBER`),
  KEY `ID_ELEMENT` (`ID_ELEMENT`),
  CONSTRAINT `CONST_WRITING_ELEMENT` FOREIGN KEY (`ID_ELEMENT`) REFERENCES `ELEMENT` (`ID_ELEMENT`),
  CONSTRAINT `CONST_WRITING_MEMBER` FOREIGN KEY (`ID_MEMBER`) REFERENCES `MEMBER` (`ID_MEMBER`)
) ENGINE=InnoDB DEFAULT CHARSET=utf8 COLLATE=utf8_bin;
/*!40101 SET character_set_client = @saved_cs_client */;

--
-- Dumping data for table `WRITING`
--

LOCK TABLES `WRITING` WRITE;
/*!40000 ALTER TABLE `WRITING` DISABLE KEYS */;
INSERT INTO `WRITING` VALUES (1,5,'CREATE','<SITUATION NAME=\"start\">\r\n  <CONTENT>\r\n    <PRINT>Hello Régis!</PRINT>\r\n    <END/>\r\n  </CONTENT>\r\n</SITUATION>','2016-05-21 21:10:57'),(1,7,'MODIFY','<SITUATION NAME=\"start\">\r\n  <CONTENT>\r\n    <PRINT>Hello Robin et Régis!</PRINT>\r\n    <END/>\r\n  </CONTENT>\r\n</SITUATION>','2016-05-21 21:14:21'),(1,8,'CREATE','<SITUATION NAME=\"start\">\r\n  <CONTENT>\r\n    <PRINT>Hello...</PRINT>\r\n  </CONTENT>\r\n</SITUATION>','2016-05-21 21:20:48'),(1,10,'CREATE','<SITUATION NAME=\"end_robin\">\r\n  <CONTENT>\r\n    <PRINT>... Régis!</PRINT>\r\n    <END/>\r\n  </CONTENT>\r\n</SITUATION>','2016-05-21 21:19:18'),(1,12,'CREATE','<TRANSITION FROM=\"start\" TO=\"end_regis\">\r\n  <CHOICE>Régis</CHOICE>\r\n</TRANSITION>','2016-05-21 21:19:18'),(2,6,'CREATE','<SITUATION NAME=\"start\">\r\n  <CONTENT>\r\n    <PRINT>Hello Robin!</PRINT>\r\n    <END/>\r\n  </CONTENT>\r\n</SITUATION>','2016-05-21 21:10:57'),(2,7,'CREATE','<SITUATION NAME=\"start\">\r\n  <CONTENT>\r\n    <PRINT>Hello Robin!</PRINT>\r\n    <END/>\r\n  </CONTENT>\r\n</SITUATION>','2016-05-21 21:14:03'),(2,9,'CREATE','<SITUATION NAME=\"end_robin\">\n  <CONTENT>\n    <PRINT>... Robin!</PRINT>\n    <END/>\n  </CONTENT>\n</SITUATION>','2016-05-21 21:19:18'),(2,11,'CREATE','<TRANSITION FROM=\"start\" TO=\"end_robin\">\r\n  <CHOICE>Robin</CHOICE>\r\n</TRANSITION>','2016-05-21 21:19:18');
/*!40000 ALTER TABLE `WRITING` ENABLE KEYS */;
UNLOCK TABLES;
/*!40103 SET TIME_ZONE=@OLD_TIME_ZONE */;

/*!40101 SET SQL_MODE=@OLD_SQL_MODE */;
/*!40014 SET FOREIGN_KEY_CHECKS=@OLD_FOREIGN_KEY_CHECKS */;
/*!40014 SET UNIQUE_CHECKS=@OLD_UNIQUE_CHECKS */;
/*!40101 SET CHARACTER_SET_CLIENT=@OLD_CHARACTER_SET_CLIENT */;
/*!40101 SET CHARACTER_SET_RESULTS=@OLD_CHARACTER_SET_RESULTS */;
/*!40101 SET COLLATION_CONNECTION=@OLD_COLLATION_CONNECTION */;
/*!40111 SET SQL_NOTES=@OLD_SQL_NOTES */;

-- Dump completed on 2016-05-22 11:49:53
